x1,x2,x3,label
0.9998512431007858,0.015636343118000617,-0.007279865633516006,0
0.997290693873024,0.03044037311154053,0.06696757124927155,0
0.9997913240903761,-0.019712579552902103,-0.005359335865234325,0
0.9994832178007474,0.021464370193457875,0.023928605199510657,0
0.9998332000791412,-0.0018065593027171657,0.018174387552865944,0
0.9982748204594454,0.033905403033881266,0.04793544076887411,0
0.9992487891631422,0.037259311838605,0.010658378734269896,0
0.999314783307501,0.03598412699626094,0.008666398752383711,0
0.9987778451505248,0.04855237018299629,-0.009245722579615654,0
0.9993464895178822,-0.027463400374858723,0.023502245170797565,0
0.9988457982326985,-0.03251702729923121,-0.03535129825671774,0
0.9988320948113342,-0.030664421755586545,0.03733817902810936,0
0.9997129813671979,-0.022501994203962792,-0.008222842737726466,0
0.999916647023585,0.009910216308109572,0.008275664189016681,0
0.9994623660167157,0.014947883643360546,-0.029181153006489442,0
0.9995552655421267,-0.007730289480656564,0.028801280379228897,0
0.9959948795218787,-0.07345594459221663,-0.050974740511335104,0
0.9999898014456079,0.004267717861378617,-0.0014776971816062921,0
0.9999370366436373,-0.004448164400548774,0.010302261001217108,0
0.9988156594903321,0.013882204905248078,0.04663220715124302,0
0.9982081559067923,0.03204878444834293,0.0505307124081946,0
0.9995000881452125,-0.026733606863742217,-0.016878627364258873,0
0.9988096669081896,-0.04507187642157561,0.01864873310777839,0
0.9998913251485986,0.014535804455805653,-0.002459325382704247,0
0.9989427063420336,-0.04551236173938548,-0.0064880177935597244,0
0.9996769187276884,0.006563458799372892,0.02455563421375922,0
0.9998902289690466,0.01243499786282872,-0.008056105778399476,0
0.9998630984861898,-0.01282598215947212,0.010453634160934016,0
0.9996910224201803,-0.0025642584519299516,0.02472416370710408,0
0.9999371293515991,-0.0021254252863676356,0.011009991433632956,0
0.9990796873223079,-0.018909625453963703,0.03849940837312473,0
0.9996870343037381,-0.01914778947801792,-0.01609955288317941,0
0.9976694732790592,-0.010261342251833472,0.06745611122952509,0
0.9995566275200911,-0.028585078428208496,-0.008333166975958104,0
0.9993038948154376,0.03161569320525895,-0.019803377231761954,0
0.9995442232841483,-0.028746279514321363,0.009219387903068253,0
0.9991741086090691,0.026948776581891893,-0.03041157881376989,0
0.9987917837984166,0.042644905434204156,0.024420988047559794,0
0.9983915817754535,0.00749980172378686,0.05619610675078029,0
0.9973897052976057,-0.06233733712634078,0.0364394314759377,0
0.9989062864410394,-0.025453051899747964,0.03922209909595511,0
0.9996459740959779,-0.013221820323725162,0.02308917367438597,0
0.9976270224760986,0.050867182123481666,0.046398855677947215,0
0.9990376787670618,-0.041404317113730646,-0.014470622930703978,0
0.999325835199831,0.0015041299594223687,-0.03668259389901031,0
0.9986585189598902,0.04939637215229454,-0.015529356939867638,0
0.9985695101008755,-0.04953801703633076,-0.020122583455839678,0
0.9998858586630512,0.0028787560390836856,0.014831803978462468,0
0.9987105785827253,-0.05048803302732756,-0.0053045968673237544,0
0.9998818712630432,0.014053792172144471,-0.006223700268491574,0
0.9985894866536108,0.02563565173328,-0.04649570415660646,0
0.9995482776768172,0.00932817066395847,0.028569666174195627,0
0.9965296626552738,-0.03986654450482596,0.07307044599116179,0
0.997697192118575,-0.06246670962651748,-0.026423910139870107,0
0.9996985844702113,-0.014621608160119667,-0.019721784478115918,0
0.9996404500065937,-0.01125142818914975,-0.024338777172468636,0
0.9996134338980014,-0.02646971955261297,-0.008505099492876412,0
0.9996421297371886,-0.023660129489536212,0.01248241671183105,0
0.9998958832708166,-0.0063312578635522304,-0.012966795744228729,0
0.9992752218628767,0.002669675242343702,0.03797240846891904,0
0.9976632008912505,-0.0659388390507192,-0.01789433128124855,0
0.9993023922196006,-0.027115986809654075,-0.025679800689556387,0
0.9994791170128116,-0.024690529611097772,-0.020781539951231297,0
0.9985972887878583,-0.051965047384877804,-0.01015325936622912,0
0.9990540826844957,-0.01772929685203001,-0.03970657256056436,0
0.9992455797543507,-0.019819555137882885,0.03339845169261243,0
0.9988603768088394,-0.003985859700392431,0.04756112449978054,0
0.9983954324500622,0.037324415055267436,0.04258460406728423,0
0.9999050980367101,-0.012714483547565943,-0.005304415919871431,0
0.9994899111130418,0.019250482562891667,0.025482082023898203,0
0.9981267312234524,0.059345289200156685,0.014871619510677692,0
0.9993288588727736,0.017079665926367102,-0.0324055062577362,0
0.999436026773885,0.026490976292429115,-0.02063629233756241,0
0.999233159171052,-0.001873714049941642,-0.03910988121470638,0
0.999821990447506,-0.017303599445594054,-0.007521493451960061,0
0.9993519950832325,0.034606356997821455,0.009898988758318655,0
0.9985924551717688,0.011780277664775686,0.05171395877412034,0
0.9996098517578214,-0.024130974531410016,-0.014065572750591022,0
0.9995567428748682,-0.005694083198211758,-0.029221485072617976,0
0.9989819591263827,-0.034802740912144685,0.02870217003901824,0
0.9999763470204237,-0.00020985775995014432,0.006874689763480549,0
0.9985581073649809,-0.05085843736918791,-0.017179218956905825,0
0.9975479324459693,0.06776117729278501,-0.017508435812495664,0
0.9947986648507048,-0.10084687380257529,-0.014336124142783267,0
0.9994342382385443,0.03300717279957891,-0.006459874631147015,0
0.9997183823555824,-0.009696841860097685,0.02165934528583706,0
0.9999520319949385,0.008498818553935165,-0.00486865405595069,0
0.9980899316680967,-0.05929558450019915,-0.017335569257543284,0
0.9976031992205372,-0.04639585854306639,-0.051334990162008015,0
0.9984903964445687,-0.05240560927112713,-0.016449325968676574,0
0.9989737465248012,0.037949709671227225,0.02472394163578566,0
0.9991740337895448,0.012895612076950107,0.038535092965042046,0
0.999554861044388,-0.013598544730622495,-0.026554836540206662,0
0.9990317453968168,-0.02021267619104247,-0.039077095727794955,0
0.9990191218662813,0.01472478733594338,-0.0417609241201462,0
0.9967351169692227,-0.07970205733581218,-0.012910796130559305,0
0.9996683157445843,-0.012950223374954321,-0.022260957096709964,0
0.9975634132161093,0.06803201721649522,0.015455783578125612,0
0.9992106286124266,0.035015006063851564,0.018763502291464274,0
0.9994652962236475,0.0011262582072034985,-0.032678022996504096,0
0.9994699605469822,0.019135022324277228,0.026337214826054427,0
0.99983014379237,0.003488286970430596,0.018097387050999596,0
0.999489332818391,-0.03082351302340254,-0.008425237508418221,0
0.9988170136341904,0.013353578354672274,-0.046757408182429405,0
0.9994844103010859,-0.015083443696511272,-0.028344369657374607,0
0.999117108012755,-0.007183719642599757,-0.04139321983435236,0
0.99885074843367,-0.047877888558464164,-0.0022113662328817362,0
0.9976570139571633,0.0022608506744031293,-0.06837668503398518,0
0.999893499868351,-0.014534914895272389,0.0013134572468982352,0
0.999027602733563,-0.006299368005865184,0.04363676132678436,0
0.99795233244721,-0.06170079618463727,-0.016856865464581382,0
0.9994772456804378,0.022290319288794977,0.023417451462077087,0
0.9972550022318892,0.031496779928247835,0.06701054676363598,0
0.9992557634045968,-0.03850858972313453,0.002237815936426955,0
0.9996228835243829,0.002944159340339116,-0.027302429564261644,0
0.999246254767811,-0.01723877815648802,0.034781415441400454,0
0.9998061762183335,-0.0021952747851268595,-0.019565039336192677,0
0.9969352083795318,0.054619808866219796,0.056007738506506796,0
0.9946415220530258,-0.10254826336740902,0.013118547491957372,0
0.9998660906871735,0.01269590186806601,-0.010325442830327682,0
0.999460825890639,-0.0016739773142811628,0.03279108582964407,0
0.9972284040656919,0.0464414987957627,-0.058126562896218745,0
0.9989084107701354,0.040666440366199284,0.022983200833673136,0
0.9995847783763405,0.028548340810877367,-0.003906798587399293,0
0.9997866868883988,-0.014711561536390352,-0.014496574692454505,0
0.9997230368767251,-0.004837929329956003,0.023031369427588738,0
0.9995837436098135,-0.02638854819079458,-0.011661219289170185,0
0.9998397418628242,-0.0061971822224379134,-0.016795401874197338,0
0.9989939061212915,0.021593151955088676,-0.03930535995386117,0
0.9980594095791461,-0.018829110338568027,0.05935385037485174,0
0.9999187913484141,-0.0073703374128134,-0.010396578027440952,0
0.9997368856137261,-0.016312232134759668,0.01612670536974202,0
0.9979920652720508,-0.059393528404086814,-0.02200560014339937,0
0.9997443494042962,0.012820376243647494,0.01862454797001538,0
0.9988176975042768,-0.011031485464330497,0.04734462462240643,0
0.9999306954894448,0.008333861681909721,-0.008315706067194355,0
0.9966735848402563,0.0010350491219900577,0.08149045315199889,0
0.9985878404268879,-0.05236573185107869,-0.008952936903496375,0
0.9996143112009214,0.023083299177270675,0.015439887996072096,0
0.9986772323834314,0.029378320695595723,0.04219833873518452,0
0.9989692236672658,0.037781748229801924,0.025160080807795433,0
0.9981156504425944,-0.03746854525795676,-0.04859276137182217,0
0.9966037128570819,-0.023798095895331734,0.07883330610326945,0
0.9984776689644452,-0.027381554052053784,0.0478810513351099,0
0.9972303837338778,-0.007191398505797868,-0.07402597885503445,0
0.998681239756862,0.009747685238767895,0.0504059916092713,0
0.9994961847371459,-0.005837015793809645,0.0311978515678586,0
0.9997691931965318,0.01567642790765408,-0.014690471168157295,0
0.9971612027258892,-0.05353626528326246,-0.052947181961966204,0
0.9993823196440544,-0.02894713321529847,-0.019925929374052687,0
0.9974596052746337,-0.01795868887086835,-0.06893345587846385,0
0.9964531047987378,-0.037676760375808714,-0.07524408059419724,0
0.9993776445973742,0.035185126477492765,-0.002516019416773886,0
0.999839614262545,0.01601573028428424,0.008015119133109495,0
0.995976822203359,-0.0682940581807036,0.05801802522357432,0
0.9959187645508611,-0.09002403250591107,-0.006441116890301304,0
0.9997424300970711,0.011790585165495446,0.019392152149599776,0
0.9996431660819242,-0.002445808690011361,-0.026599972283708268,0
0.9999022433989848,0.011300599597156945,-0.00823408126975748,0
0.99827807408893,-0.03357827810372071,-0.04809767180248767,0
0.9981891218263722,-0.039367857687321636,-0.04548240152564121,0
0.9996032361748929,0.025001245268063334,0.01297335591347926,0
0.9974769244701205,0.03860537447720969,-0.059576926834462314,0
0.9987228549641749,-0.015167334660267593,0.0481934739508175,0
0.9979402591358942,0.0595155749914825,-0.023940249145588226,0
0.9988671142602008,-0.010572495046678038,0.0463973102444471,0
0.9994702044014413,-0.008398835694889898,0.03144471454225056,0
0.9988358976805096,-0.046618765539676754,-0.012391134099006818,0
0.9997557381342305,-0.002174749120032083,0.021993965851570804,0
0.9999466524533659,0.004900756188876103,0.00909257037473632,0
0.9999779469871667,0.0013998557307857342,0.006491990696231103,0
0.9971451518691701,-0.05377675220997767,0.053005726346242094,0
0.9998686011320835,-0.016210117940068706,-0.00011201104356334605,0
0.9982918055152282,-0.03146223127427604,0.04923006240421466,0
0.9996761197479637,-0.025447618213932474,0.0002726404732463081,0
0.9973250574959192,0.04874780877096431,0.05446449146668661,0
0.9988221691327209,-0.04620935440991525,-0.014797635417835114,0
0.9997571655889942,-0.019677495512265428,0.009919981036203418,0
0.998889184880395,0.04605817211798617,0.009951940014676178,0
0.9991544701267037,0.038378881621575205,0.014744703158593575,0
0.9984248323676925,0.049059523389423175,0.02722163250585823,0
0.9987214665678793,0.04084995787211886,0.029777729233161156,0
0.9995237024198457,0.030626652012545476,-0.003791633863498896,0
0.9987744815731976,0.047310956123659674,-0.014533010314069993,0
0.9996670105711344,0.025803441048662938,0.0002245122575300822,0
0.9998787275659241,0.003476675680897325,-0.015180345427269077,0
0.9940839520795309,-0.0021767977423546043,0.10859262299743233,0
0.9996947823057668,-0.02440980850090155,-0.003808343407148687,0
0.9983593841051505,-0.05490929765341184,-0.01623296646721072,0
0.9993205856485523,-0.03677554740602221,-0.0024343812267334794,0
0.9995378567054827,-0.020795105214241702,-0.02217288009416799,0
0.9990953284740001,0.004622163455731258,0.04227481787485636,0
0.9989041777703206,0.015267578898670777,-0.04424188815485089,0
0.9996543921899915,-0.026191526477532038,-0.002258343634297717,0
0.998519084500797,0.04734491061553674,0.026797338047451078,0
0.999296799937128,-0.03619950627946233,-0.009772480773706353,0
0.9999869095154991,0.004326577717715149,-0.0027315788161018932,0
0.9990833128013333,0.04111533187451387,-0.011919042188585515,0
0.9988727820093836,-0.04473222284895087,-0.015880604515058353,0
0.9974288210542034,-0.013848924380533091,-0.07031325781000532,0
0.9992667579222134,-0.024066291424242832,-0.02977851790545825,0
0.9984478042072902,-0.018074523454881336,0.05268105803278785,0
0.999097936305952,0.011718500089506359,0.04081654596818481,0
0.9993124725069336,-0.031424827528067086,-0.01967390420951542,0
0.9990659157783998,0.024179453712360056,0.03581410264089426,0
0.9993233690189397,-0.005109849123501703,-0.03642380505252113,0
0.9975115271320111,-0.026882647892162163,-0.06517726966514585,0
0.9991308500853556,0.014388059058528642,-0.03912196523922917,0
0.9999193584159448,0.00978638638809162,-0.008093411298057893,0
0.9998934823039113,-0.008647518364297222,0.011757740949162251,0
0.9986475639778092,0.0029253581449078647,-0.05190843130785004,0
0.9993754919506278,0.027854926713605975,0.021742335342667292,0
0.9986660791303024,-0.02134836446815567,0.04701393122232202,0
0.9997554678351265,0.02189358725710571,-0.003110525794051322,0
0.9989313895101934,-0.03821436118253056,0.025995031267183527,0
0.9985061168788844,0.03897276660168491,0.03829697140498205,0
0.9990673944843943,0.036418660689457656,-0.023195310553770263,0
0.9984401343547321,-0.05024016908224912,0.02435618032907452,0
0.9997460089735785,-0.009072253984370404,-0.020630359884964086,0
0.9996586630768188,0.010963344269993005,-0.023714181786862302,0
0.9997382355634995,0.018362744398761746,0.013648075705535428,0
0.9959787630062882,0.006489913337156125,0.08935426495291124,0
0.9993203857158565,0.006027208110685413,-0.03636536064769347,0
0.9972752125741636,0.07367971384347032,0.0036674450282588905,0
0.9994213919145918,-0.0015792791092806642,0.03397627497142875,0
0.9999016798091701,-0.01400028790559499,0.0007890838316245128,0
0.9993785800086523,-0.02587494482411486,0.023936187043365222,0
0.9992142174566692,-0.010421724052066393,0.03824049293836959,0
0.9995498220719007,0.004330274012630123,-0.029688413951152143,0
0.9997916252604276,-0.014181684830210038,-0.014682842859026128,0
0.9998971851600924,-0.004780167069022985,0.013519212685990942,0
0.9996944280888921,-0.018314289469632386,-0.016602326619487642,0
0.9986151235789839,-0.007501786322743078,0.05207262391348813,0
0.9978038818575197,-0.016581677585172417,-0.06412847509849058,0
0.9999115012674027,-0.013285342802680396,-0.0006994996152539632,0
0.9996917281697558,0.018622419984201544,-0.016421148036488344,0
0.9994199019510718,0.004324077334264186,0.03378108848519335,0
0.9991663104856735,-0.04064493010440618,0.003830619686829508,0
0.9998581549178803,0.005518599725059897,0.01591273393294064,0
0.9977976435643284,-0.02229356896808039,0.06247286835155312,0
0.9990361067310505,0.03416560126049297,0.027560281894617244,0
0.9999822598170541,0.005955694920657176,9.873764912242337e-05,0
0.9999371460990131,0.001451790071651238,0.01111738084632631,0
0.9972440275972886,-0.07007086614306,0.024380794479120935,0
0.9999935340984895,0.003219190313179807,-0.0016026774069856995,0
0.9981695105904834,0.0033979919485554438,0.06038279372639644,0
0.9966755658070667,0.08130372859005039,0.005245973737182771,0
0.9978785847296981,0.032835185872272736,-0.056215484579638125,0
0.9992095598349453,-0.033906405420447504,-0.02075117360171012,0
0.9985413483714342,-0.03048514374124104,0.044562670516559225,0
0.9997193812204446,0.01449226110997389,0.018738547971079756,0
0.999387144304152,0.025779752453133947,0.023679952765624627,0
0.9984567763578591,-0.05533228482500389,0.004733286495644621,0
0.9987906192233774,0.049138325272226356,0.00165043653632498,0
0.998827672868684,0.04798163114229843,-0.006406479890710854,0
0.999783394096475,-0.020257875795025998,0.004773191504196985,0
0.9986551636046024,0.015171309376008075,-0.04957515080780438,0
0.999076770378909,0.037146658516004474,0.021580839888082185,0
0.999311798531594,-0.01889682424052887,0.031919262978749516,0
0.9989121237015062,-0.046343798340488684,-0.005178945593263598,0
0.9977270169773039,0.03944600706552555,0.05463343408658656,0
0.9997123023240219,-0.020143814628458868,-0.013020726329635177,0
0.9988435166423713,0.03238008680291319,0.035540951591998694,0
0.996629576983519,0.08062997150908169,0.01510940025386163,0
0.999555558067994,-0.014680609422173157,0.025945443575101878,0
0.9964133617171401,0.026082079771649856,0.08049930252034901,0
0.9987828158028964,0.03884268975275807,-0.030399544561375943,0
0.9967198084492122,-0.07171149208228533,0.03751113632282417,0
0.9995751518431171,0.013185768970222158,-0.025993293642925366,0
0.9991550397676008,0.0038119029536042666,0.04092280419045422,0
0.9972069059845399,0.07467395052659326,-0.0014791110246580347,0
0.9997868953626498,0.004711956138709151,0.02009878927683649,0
0.9986346828629082,-0.04852231750322931,0.019348252824078125,0
0.9988405838454196,-0.04556617616007565,-0.015530990097835023,0
0.9998168398447842,0.018816483956116833,0.0034966690229455634,0
0.9998436590061137,0.004045795586765474,-0.01721304979574366,0
0.9998506454764635,-0.0020787523678653746,0.017157083925429674,0
0.9995783199062314,-0.018097785916313915,0.02270798358061611,0
0.9989485442616718,0.026829955617135047,-0.03717471451135419,0
0.9998779055310753,-0.010988386037391176,0.011109878622893659,0
0.9996902010282805,-0.021573953765672282,0.012412352189851426,0
0.9999527048999248,-0.009263650824328801,-0.00296188059517052,0
0.9977097716555587,0.035254332828611894,0.05772645459192409,0
0.9999290666535741,-0.004746895400734546,-0.010923765161167822,0
0.9993627391501001,-0.016808512319903712,0.03148951431723261,0
0.9999997484663504,0.0007092689362274327,-2.1786405173526106e-06,0
0.9998984273534216,-0.013701557813656819,0.003924575080910131,0
0.9969435062425073,0.03944535678454512,-0.06743670505717744,0
0.9997358868816416,-0.005774628285975016,-0.022244328469828073,0
0.9977364794711014,0.049923771182968694,-0.04505035630732224,0
0.9999126629446371,-0.006797119338452259,0.01133426890431752,0
0.9993774714268822,0.010144734833795674,-0.0337898499478033,0
0.9987709268655575,0.010457756660743854,-0.048448642640108765,0
0.9990437095051123,0.04056565147226779,0.016312400768443935,0
0.999948933410007,0.007281401893391269,0.007007978209881313,0
0.9998114967998875,0.011655530596167678,-0.01552802219299551,0
0.99665084245407,-0.04914293092539438,-0.06536107844573544,0
0.9996381550835544,0.02535706751446113,0.008976526507826562,0
0.9987560150424009,-0.045565015411582734,0.02025467321632183,0
0.9983049655777978,0.044630133030473695,0.037354342830933085,0
-0.03351664394027985,0.9973522969096856,-0.06453704694095325,1
0.012699248217563474,0.9996101783560799,-0.02486403872134672,1
-0.017174960550195243,0.9998455100739202,0.00373854450621259,1
-0.05594395412247702,0.9980016789341003,-0.029375548365269517,1
0.012004139343065563,0.997061913921032,0.0756534232315856,1
-0.011720082372987353,0.9981906008113713,0.05897596222959746,1
-0.0033301850843688624,0.9965959832250824,0.0823732728913687,1
0.030564307990169178,0.9992247603978657,-0.02481332877335556,1
-0.025881792035508187,0.9986438813711355,0.045172237501834495,1
0.003468055251533665,0.9999322507735547,-0.011111546049668639,1
0.06338349032576221,0.9971928449017166,-0.0398618016506566,1
0.008684028064779796,0.9997360804361448,0.021268688973083746,1
0.03390502407020625,0.9892049055558142,-0.14256263243570538,1
-0.002284268222667717,0.9987115119993409,0.05069613317189394,1
-0.07613955334804286,0.9945657238234009,-0.07100555901811344,1
0.00692974781986592,0.9979015975898405,0.06437686014939599,1
-0.040477712592496606,0.9952120368365327,-0.08896379330300715,1
0.03900382071888458,0.999217408039885,0.006578255033639197,1
0.049778722299020216,0.9969316018432852,0.06041076106421962,1
0.021701513512277726,0.9993623497730497,-0.028353803400382994,1
0.07572491992260175,0.9953747945340983,-0.05911645209934183,1
0.006938406117605204,0.9996389404096415,0.02595856962816989,1
-0.07167300225051437,0.9963906035621068,0.04548346822118016,1
0.05303621624302322,0.9984295460931847,0.018044424476254095,1
0.005950522641587903,0.9995547008042441,-0.02924023564089222,1
-0.006777724167230534,0.9938758248597109,-0.11029463819443461,1
0.0927279307343676,0.9902207680217703,0.10423224760119502,1
-0.030727049353456173,0.9992390449015612,0.02402456205920713,1
-0.013861749762030497,0.9989380612491264,0.04393861264620785,1
-0.001979244868374012,0.9995246637072902,0.030765715179009404,1
-0.03689562811672536,0.999093926115813,0.02121413265422642,1
0.04466545140741549,0.9986244245547053,0.02746372395099324,1
0.05134865688423801,0.9982547989776898,0.029166277686562544,1
-0.015611357692875725,0.996706548314408,0.0795760143389632,1
0.023369838022017902,0.9973569797715371,-0.06879611596386138,1
-0.052548789046741616,0.9984343412409057,0.019170054785159003,1
0.09000961702494494,0.9947574666157514,-0.048537114202833194,1
-0.033869114611923205,0.9982352444156978,-0.048777862618590476,1
0.08180003210422977,0.9963701150091946,0.02356583680272928,1
-0.03166096565015416,0.9970219230229709,0.07031975729180161,1
0.021221664392963458,0.997798094715856,-0.06283791165930921,1
0.04908013582640758,0.9986865076036204,-0.01471053356094906,1
-0.02746060785056067,0.9988060281673222,0.040403379969969275,1
0.0387347182104498,0.9911324479985866,-0.1271066171738578,1
0.001654386264191053,0.9985657866780905,0.0535129207009649,1
0.020647238497039654,0.9994266330686357,-0.02683461673727729,1
0.015453799487037184,0.9985655304139676,-0.05126462279577635,1
0.0742845389999446,0.9971379596601542,0.014060464795032748,1
-0.07072302168049556,0.9968263711855891,-0.03654367131590517,1
0.015758111371086635,0.9931544944726188,-0.11574036475987276,1
0.03030726644118949,0.9977904226581764,0.05912480065397598,1
-0.0015384532142147065,0.9944468467649907,0.10522880841657369,1
0.03737127315712947,0.9980396265126923,-0.050202508432592614,1
-0.03055024927599414,0.9995326082839164,0.0011168017874695153,1
-0.012107347220675007,0.9986399821467172,-0.05071092782809407,1
0.03278259262812515,0.9990685732925902,0.028058643580734146,1
-0.05537951037290177,0.9971528915100973,-0.05117832337828773,1
0.03909757986742934,0.9986073453054847,-0.03542243851496609,1
0.03231310414957323,0.9992048335924558,0.023357307755783846,1
0.007720356202238561,0.9998105088174559,-0.017870158314393644,1
-0.06065425558061514,0.9979197076262208,0.02184761797223378,1
-0.05103638539844379,0.9986467706464109,-0.009995741235909805,1
0.076572411828515,0.9938847445875704,0.07955991592982795,1
0.003835838259325396,0.9993105417978873,-0.03692867986225246,1
0.09638046458078448,0.995322897033988,0.006567852538311017,1
0.005460270267056543,0.9981232383565156,0.060993331612664965,1
0.04825577896950204,0.9973658445995716,0.05415488733372056,1
0.04495802484129191,0.9984229453002645,0.03362139646426717,1
0.043251130661345435,0.9944799183553236,-0.09559828285276321,1
0.028936950735504546,0.9983405771455328,0.049786995357775095,1
-0.08325290731679584,0.9964638428460169,-0.011347392817218702,1
0.02233924112015348,0.995061449585548,-0.09671437253468405,1
0.03705819692605621,0.9981899963662929,-0.04736476744110152,1
-0.025622443291759965,0.9960358743633373,-0.08518231847584117,1
-0.04340062469896822,0.9983090640446369,-0.0386703817146177,1
-0.09954629214828413,0.9944979374325276,-0.03262496225104062,1
-0.02990485576898037,0.996459212304033,0.07857949997141256,1
-0.013523796633293422,0.9995139998624064,0.028086847519360175,1
0.026195330692096067,0.9971118397956719,-0.07128662980619896,1
0.019179902585262382,0.9997147065633094,0.014235055945102494,1
-0.04209736898405948,0.9981000192221199,-0.044990700742698425,1
-0.05237686669728321,0.9979125849505245,-0.03777746196122473,1
-0.0808812876411098,0.9955545038400265,-0.04826434701984827,1
0.01390471258145608,0.997951964487904,0.06243825384059006,1
0.10842869573012422,0.9939247147653896,-0.01889124984495948,1
0.0016491579844957816,0.9994822979763124,0.032131235734668626,1
-0.040542436767590756,0.9991470544171692,0.007840565689884732,1
0.0645887550364239,0.997900998194967,0.0046787310483494,1
-0.04121614581493036,0.9984983541635821,0.03608692362453618,1
-0.03636501757414602,0.9993376260490215,0.001376466285090192,1
0.05135266930803495,0.9986151435743919,0.011432339163080278,1
0.044603470898897435,0.9990041159105791,0.0011431436471066243,1
-0.016535097549277098,0.9997515903200971,-0.014944838619202459,1
-0.011573088015268917,0.9993373948217825,0.034508476415301276,1
0.020936110844178204,0.9990312420854454,-0.038707319719178915,1
-0.04772658242517752,0.9969828046893655,-0.06121650499371502,1
0.021848048134362388,0.999336709340391,0.029134243723334514,1
0.0586656292373261,0.9976787387370354,0.034575688253127713,1
-0.10049370884120738,0.9944207040881334,0.03206988874467579,1
0.05843600070685389,0.9977196731241645,0.03377406819288095,1
-0.0033186887708227266,0.9997965598408709,0.01989535712420762,1
-0.0623316173064993,0.9968655258598874,-0.048722611136441794,1
-0.11382565295551786,0.9914384926624328,-0.06397996558608837,1
-0.06897266520582106,0.9976118068193613,-0.003668017027633081,1
-0.01334585281108397,0.9997333443780613,-0.018844849463590458,1
-0.05592571778626263,0.9981616065730342,-0.023360677506011066,1
-0.04549947735082264,0.9987166824930648,-0.022243778248052248,1
-0.11209612114892344,0.9934727470932904,0.02112724322236733,1
0.08812068299821692,0.9957753707796303,-0.02581000148233715,1
-0.004609734153000997,0.9967127412098474,0.08088548609542193,1
-0.04563523804041144,0.9979076353833439,-0.04580148788543254,1
-0.038390440565831185,0.9991792680972085,-0.012921465775324667,1
0.024136609175165608,0.9986882516467993,-0.04515750347495816,1
-0.17031284366764457,0.9852810826766962,0.014653443321727884,1
-0.05781504134155628,0.9963838522876012,0.062262668551016066,1
-0.05109190360904922,0.9986888394242505,-0.0031967788405034337,1
0.012857470534390354,0.9998147987895492,-0.01431969178319442,1
0.05068474063722949,0.9956024741054913,-0.07878306049815485,1
-0.04060764995123006,0.9984843472023534,-0.037148716764273844,1
-0.013578530350861151,0.9998685657078014,0.008858601629900393,1
0.09649084657439763,0.9923701147896317,-0.07675331784139862,1
0.03649537734548383,0.998827778593269,-0.0317986814623726,1
-0.05585220271489467,0.9977280619584318,0.03767287926970691,1
-0.004327123859817733,0.9996412527985937,-0.026431831231664298,1
0.018356589338609806,0.9979299094547001,0.06163547228252595,1
0.009822026477091484,0.9998748834766396,0.012399402741714282,1
0.11193002579707097,0.9934246878664437,0.024063641919330025,1
-9.255911018685121e-05,0.9989730775747749,0.045307634163536524,1
-0.028416665213214877,0.9972633721425336,-0.06825144482685301,1
-0.024502085781063384,0.9965905132084641,-0.0787844957790938,1
0.03208364346236549,0.9993192328757965,0.018212924713038287,1
-0.026453901879824347,0.99962539373243,-0.007018780557821444,1
-0.0005047022647299531,0.9992224236877918,-0.03942452631331136,1
-0.03791228828489696,0.9992020107262568,-0.01256981135487317,1
-0.07530913084182105,0.9968311138595181,0.025617674627949824,1
-0.05021902391878312,0.9983647817142046,0.027309563696424816,1
-0.005923949352567004,0.9998882640016059,0.013724661592189406,1
-0.006727558898635285,0.9990637622868973,-0.04273568574754295,1
-0.007548499821669591,0.9999238702658394,0.00976083105700221,1
0.0315592473147628,0.9988067610924651,-0.03727020129815306,1
0.0787732964932243,0.988288752946024,-0.13069088935303066,1
0.025718222665080257,0.9958891259630536,0.08685287451428626,1
-0.08815923463810586,0.9956417686812935,-0.030420680549737775,1
-0.012023285667334153,0.9998339139090826,0.013696174608710723,1
0.08777857885495954,0.9951584674895223,0.04421024403915746,1
0.011920090698701537,0.9999195860936039,0.004328138633540388,1
0.013422778571376826,0.9997503324341411,-0.017863421093030615,1
0.04976816518688875,0.9981650230234145,-0.03449226792337418,1
-0.03743872994818826,0.9989198179129558,0.027523424214926616,1
-0.011463554752779345,0.9999317323957942,-0.0022621804274899414,1
0.07147701596224068,0.9959989559186635,-0.05363875462721512,1
-0.04228853448371707,0.9975588715804972,0.055569574248579376,1
-0.047149438564305694,0.9978310753404791,-0.04593555842522914,1
-0.0374093329612526,0.9986683774165103,-0.03552483294211063,1
0.0744341481868185,0.9967924594838209,-0.029399835030146624,1
-0.051982134109284775,0.9981043430392027,0.03294811283848442,1
-0.015382292835121207,0.9998816753008464,-0.00014305456301788653,1
0.0010540619669025411,0.9998940847581671,0.014515792052038606,1
-0.01567664728924384,0.9993260859426104,-0.033190611387777805,1
-0.04804730876220741,0.9970472841132545,-0.059901330227236135,1
0.0032058960067871487,0.9992455967483557,-0.03870348317289836,1
-0.033904715058008156,0.9981339000193115,-0.05078570595138664,1
-0.06874358275128584,0.997615833964286,-0.00608010313797312,1
0.019171535409096958,0.9995846461919392,-0.021517140314173473,1
0.05673022006343184,0.9975188826831182,0.0416864584976058,1
-0.09809194899806227,0.994957514314493,-0.020916841319508182,1
0.01801811178350627,0.9953121875839553,0.0950210339582101,1
0.07472222864250279,0.9959130034933924,-0.05073340141725948,1
-0.04594398726037276,0.9987446681128208,-0.019955900148477878,1
0.008076599315422432,0.999966508448117,0.0013230742536774792,1
0.009675502332821113,0.9989828104805453,-0.04404235482913614,1
0.001669193442303477,0.9990198088694875,0.04423387027524024,1
0.018344788552964467,0.9995521784738269,0.02364130370900813,1
0.018602795446039832,0.9967931663073832,-0.07782878390666181,1
-0.07518303438204069,0.9954450298123506,-0.058623407977525334,1
-0.017572224357963746,0.9977648530147228,0.06447104016163997,1
-0.029338778757216494,0.999192992809228,0.027433541183553675,1
0.009687159518144198,0.9988760321219887,-0.04639861412375607,1
0.0907329284603957,0.994694475084994,0.04848130493594576,1
0.09760523577456039,0.9952092435400809,-0.005637332851043979,1
0.029074764756767516,0.9995454801643898,-0.00796813260239319,1
0.04199848172744779,0.9989493209079815,-0.018340713998237446,1
0.021476456505772727,0.9953742710276265,-0.09364199053882148,1
0.03959468250234016,0.9992129402405217,-0.0024002444314509147,1
0.0811496276775386,0.9958692373737569,-0.040733278536276486,1
0.00582533019080635,0.9968631753809639,-0.07892955781864633,1
0.05189997846206976,0.9986398872800727,-0.004976722694551909,1
-0.021556435040087647,0.9966411381532311,-0.07900482168133063,1
0.057052855685335864,0.9970642797431779,0.05106656164527916,1
0.03290447388698855,0.9992948467836203,-0.018086038533145676,1
-0.024406542888606147,0.9994113480448826,0.024109708899855486,1
-0.016779937892655247,0.9997954325763211,0.0112927713051489,1
-0.025700321293486122,0.9994974364141468,-0.018557157294947307,1
0.014039241414532822,0.9998998269458959,0.0017988257212350842,1
0.04963102014827447,0.9987188586170238,-0.009869310090109499,1
0.04549716338486583,0.9965806571097127,0.06897102289080626,1
-0.006964585672482934,0.9991926165157319,0.039567785467005775,1
0.04627433504766747,0.9977414902405379,-0.0486888546629495,1
0.060634391993013306,0.9974568800843263,0.037459883608666505,1
0.05041181765968074,0.998038773240292,0.03711139648628945,1
0.14687674980183582,0.9883307969715416,0.04036652233157799,1
-0.022608640008685982,0.9990874783822634,-0.036236168901173677,1
-0.04578609216912437,0.998497784542173,0.03009664479890586,1
-0.007158515999185164,0.9978602895483222,-0.06498921596024144,1
0.00474020115298631,0.9974893979114385,-0.07065714080826882,1
0.015097560327665474,0.9985848280002871,0.05099416593778216,1
0.020589949867262976,0.9995601750086622,0.021342691981502387,1
-0.08784817826497116,0.9956441249407131,-0.031232579888171418,1
0.061485196410474265,0.9973849015919586,-0.037985901314357355,1
0.006383197910898751,0.999969230937066,-0.004559820552197412,1
0.02350434233859879,0.9994126111371299,0.024939498615501546,1
0.01689126083433659,0.9987045524256478,0.047998981985156,1
-0.03595199062962378,0.9975887650501167,0.05936421662456676,1
0.01012356322224802,0.9996838421862856,0.023015845395071642,1
-0.030042480706728908,0.9992301020644897,-0.02523197338826143,1
-0.0211770964586636,0.9993442756480688,-0.02936918989191696,1
0.017495266588028562,0.9986312819069189,-0.04928973974221308,1
0.008867322298092048,0.9998812066756432,0.012607265048846607,1
-0.07231566815295645,0.9967248551148596,0.03619402348123033,1
0.0228331589338443,0.999421448391964,-0.025207446263184614,1
-0.009022961997164307,0.996628430525751,0.0815497248583952,1
0.0054438114848002666,0.999880414149095,0.014474885749196056,1
-0.034624480730020786,0.9982515016112147,0.04790704400214496,1
0.01636506327094189,0.999561104379069,0.024693791052300736,1
-0.019199886756207818,0.9995016312095722,0.02505700616309086,1
0.054470723498828734,0.9976952504817379,0.040461431605910765,1
-0.015726617370809774,0.9998645197350791,-0.0048595967853099714,1
0.011808781547340797,0.9984444790734652,-0.05449013567593665,1
-0.038966655927296694,0.999183660926445,-0.01065886782730491,1
0.03417596869425977,0.9992944114279408,-0.015578268600825323,1
-0.043575422357393895,0.9990454791871775,0.0030517342494118934,1
-0.01575068625942165,0.9997676723337632,-0.014714524748595638,1
0.021811745482680292,0.9997620380787677,0.00033908036495882186,1
0.06360317399391743,0.9979010784872333,0.012168558329699772,1
-0.140733537183536,0.9879405789011096,-0.06455605372271475,1
0.038469050926208184,0.9992509128564199,0.004212514254744286,1
-0.029134365078738875,0.9995160192669212,-0.010904861308682422,1
0.0503890745572225,0.9986857681712589,-0.009363632700454184,1
0.08381017731804988,0.9964796840973483,0.0020232051471803453,1
0.0312850832430278,0.9993494318728465,-0.017943148603120327,1
-0.14059300805712477,0.9899746863434714,-0.013554574301449799,1
-0.05155098029447508,0.9984812236567346,-0.01943559712327248,1
0.038505093391384734,0.9969132291527533,0.06842054752085039,1
0.016088312592954065,0.9994358495384925,0.02948133061932625,1
-0.02933203720503628,0.9991305743548383,0.02962645747766186,1
-0.08052386868373718,0.9967442666023129,0.004095554605246282,1
-0.009212212352704698,0.9998900157327337,0.011622890408928704,1
0.002956317243891843,0.9990201313482262,0.04415922722632215,1
-0.03421557707916137,0.9977011377266362,-0.058495590124599185,1
0.0031637134847007356,0.9995906560521965,0.028434332241567887,1
-0.0011686585584459465,0.9999939338534656,0.0032812335111585766,1
-0.05289404445672142,0.9985671141469958,0.008120258926590235,1
0.04366401054108856,0.9975725734389772,-0.054244031060614845,1
0.039688049000266706,0.9978852223017822,-0.05147758617283025,1
-0.027952736967933874,0.9989010678386033,0.037620488657178555,1
0.09018896469832033,0.9955272581325745,-0.028132347246386222,1
-0.0053525651835168294,0.9986779213870942,-0.05112493892223584,1
0.01580119890137464,0.9998247058402707,0.010043888918170108,1
-0.067969129694949,0.9976022257185764,0.013038276333640984,1
-0.044356545552791275,0.9977371938075962,-0.050527111133203774,1
0.04238745441515608,0.9977780462538018,-0.051403055571180564,1
0.12473657597720827,0.9911761595008747,-0.04483979761856164,1
0.025623453056326764,0.9995174284822842,0.017559863710787642,1
0.08742427449570468,0.9948457202666657,0.05137109202562236,1
-0.026775307597132866,0.9955376033637268,0.09048736481846957,1
-0.10208198780676722,0.9947383653725848,-0.008651717817800181,1
-0.056435343814093805,0.996774119013594,0.05706494224268477,1
0.04362621285171332,0.9990424445158395,-0.0033087169619635775,1
-0.015480399866090889,0.9972704511409346,0.07219421376425439,1
-0.013708287699145958,0.999902083111821,-0.0028119453949503413,1
0.06438891951359114,0.9879614489376172,0.14066357899915938,1
-0.021929186874139073,0.9978176004255094,-0.062282798941764535,1
-0.13265961381603034,0.9896802139237842,0.05417103497114658,1
-0.0016868791424334369,0.9971373487560014,-0.07559273876842015,1
-0.07112902571073357,0.997019072225536,0.029893666885788425,1
-0.08889805009347423,0.9939798250394556,0.06404095645769481,1
-0.0037162598661490995,0.9997779203654604,-0.020743658361613123,1
-0.016850300289245213,0.9965786203634597,-0.08091428065877071,1
0.06101497043561361,0.9978612699095075,0.023453345117996634,1
0.03277071058403928,0.9994430345359824,-0.006300892413632688,1
-0.03382410459690942,0.9985946392295582,-0.04080044669001997,1
-0.06724723550109003,0.9974937536397891,0.022000471971151653,1
0.003961478053772349,0.9974277387099294,0.07156963562521394,1
-0.11412207824472545,0.9931903044079388,-0.023434386850557792,1
-0.04143075314374838,0.9982308193434795,0.042646500520991955,1
-0.11253259226965787,0.9935889651276693,-0.010834392161036105,1
-0.004943913207492277,0.9983728399270853,-0.056808716039244915,1
-0.031995238093267944,0.9981196419778876,-0.052282741293716434,1
0.0356986577961039,0.9992024763189452,0.017889023158099607,1
0.00156901109420041,0.9977809156009657,0.06656412447090529,1
0.07170309451666133,0.9973749577553161,-0.010092565541807845,1
-0.0695727703196132,0.9940465583801813,0.08385147227372486,1
0.034924682134591385,0.99828676699663,0.04694462074737813,1
0.042596044500037504,0.9949400820155316,0.09099346235738082,1
0.03130914920346038,0.9987314403655573,-0.03943662259122419,1
-0.1092389632881551,0.9937575992489468,-0.022642500625932472,1
0.03821872298291568,0.9992585958631226,0.004646268085094765,1
-0.0766184726962278,0.9968285953767273,-0.021502583120640937,1
-0.02992762779378355,0.9994590275823966,0.0136377886253916,1
0.038430009355092054,0.998743738558623,-0.032157099850761824,1
-0.025841158285317113,-0.0027330222322630043,0.9996623255518874,2
-0.01585976526452604,-0.11705741772226436,0.9929985039272767,2
0.009176949624639155,0.019982351578225283,0.999758215380524,2
-0.09736534395421857,0.04593640056810519,0.9941880289459357,2
0.043891737475499126,-0.13175259283112212,0.9903104410554951,2
0.005048090823495268,0.04744405750434089,0.9988611405928356,2
-0.1563418554334662,0.09328417906595649,0.9832879975752185,2
0.061709409803324254,0.02809734632882509,0.997698595704564,2
0.05338867772288871,-0.022948698495966452,0.9983100752412565,2
-0.024959221308991395,-0.005766968142818752,0.9996718358291237,2
0.039815044995112334,-0.003696413177743133,0.9992002295443698,2
0.02035644633742157,0.040320390142298775,0.9989794198236254,2
0.05227576594886527,0.055335159208731166,0.9970984226492765,2
0.15023561064407515,0.041240118509569275,0.9877897113857734,2
-0.04434137064234882,-0.022216938760732798,0.9987693680132199,2
0.14091850621962107,-0.09289511424491373,0.9856533226008592,2
0.03270233667255205,0.03314505738479849,0.9989153929872979,2
-0.08893251002175154,-0.007753820020038482,0.9960074733335106,2
-0.021607554297407083,-0.009438374609045829,0.9997219766924702,2
0.025248236710321115,0.005366564302237562,0.9996668077567032,2
-0.08218747078962102,0.08716140843745512,0.992798120729623,2
-0.019717787938009088,-0.06805402891128498,0.9974867708334048,2
-0.14629763296316947,-0.02979774741505697,0.9887917358262225,2
-0.036257325332841886,-0.11695557560499042,0.9924750876946385,2
-0.046738004234402226,0.07332301264346591,0.9962124747145674,2
0.031808976522450606,0.00934158463738316,0.9994503108253595,2
-0.04277892648914016,-0.05588153650486546,0.997520534789213,2
0.04256968553478711,-0.005820936809388701,0.9990765428974893,2
-0.002627191051374718,0.052034155768265346,0.9986418499645057,2
0.07643312759479526,0.10657725826515592,0.991362327822996,2
0.0014721142823917602,0.020845396417862642,0.9997816273204847,2
0.030184831336660722,0.014013928419920607,0.999446089475201,2
0.002878409308536255,-0.03803271964626008,0.9992723487598413,2
-0.016440479313986067,0.20344188431514212,0.9789489825042484,2
-0.13515721793157634,-0.018708950532124253,0.9906475163300302,2
-0.025150469596353663,0.05784106232765563,0.9980089505549363,2
-0.030382643452290595,-0.12436450983220933,0.9917713263000238,2
-0.06133141807429234,0.10408011933584947,0.9926760730046259,2
-0.036194923482413745,0.18562961124923272,0.9819529392702221,2
0.025967205992264108,0.00028246775971480675,0.9996627553454185,2
0.026751550915155027,-0.01312177505502631,0.9995559881982202,2
-0.055601660817423786,0.0866763188208071,0.9946837040335382,2
0.028310113364632926,-0.1035047164103622,0.9942259859619238,2
0.03572468210808241,-0.046204483453935,0.9982929894559475,2
-0.09243127104605812,-0.02198673001153588,0.9954762899416965,2
0.030329366901533365,0.04530113624046129,0.998512862490281,2
0.08657228454997831,-0.01164569004341329,0.9961775029838184,2
-0.027715365929231534,0.11852870060094413,0.9925637539347946,2
-0.009740884579557428,0.05695386652270453,0.9983292904926722,2
0.036983039764274944,-0.00660797101455121,0.9992940455585235,2
0.060048601472304605,-0.06470939616269661,0.9960958083986475,2
-0.03454866107126686,-0.08485207344752173,0.9957944143495261,2
-0.11897700761927145,-0.12202894553730778,0.9853696809364875,2
-0.041657325910255345,0.05177344540461539,0.9977896459418756,2
0.04945883599568164,0.011228782823814626,0.9987130408571375,2
-0.013527272003070199,0.06708671895345149,0.9976554440547466,2
-0.12084350832492935,-0.11904117055411916,0.9855080142792856,2
-0.03970126087394189,-0.061526531817559044,0.9973155447336584,2
-0.024882861710159816,0.10836733025412042,0.993799459109623,2
-0.018405233684274335,0.02619474962020588,0.9994874098582814,2
0.03144316072250788,-0.017288320036370174,0.9993560134576508,2
-0.1848951131449833,-0.08231704460810789,0.9793047029918502,2
-0.0460295296814228,0.10350391635339888,0.9935633959122566,2
-0.030915202739368392,-0.004292008800851776,0.9995127957659704,2
0.019121956949695373,0.001178101801815015,0.9998164645765872,2
0.06095286185323491,0.03316696857776507,0.9975894450259272,2
0.08990581364615996,-0.021483429509936182,0.9957185380060914,2
0.004914613640057792,0.0963610041523355,0.9953343174287694,2
-0.10706928738384192,0.02762944532790527,0.993867587483285,2
0.02559381567067462,0.08980160102622922,0.9956307694383604,2
0.023206674167490098,-0.0022130094404799096,0.9997282395046964,2
0.047995859961242296,-0.08467924026623318,0.995251638378152,2
0.09459528037127238,0.0483616581104472,0.994340426089659,2
-0.06804480231349569,0.05072114210449451,0.9963921269367797,2
-0.018701187414734623,0.14379783666714405,0.9894303652905581,2
-0.08781780293130353,-0.04468976557459948,0.9951335881885762,2
0.0846572859975801,-0.05821198747799481,0.9947082529270896,2
0.05262093969879284,-0.03797002453635856,0.997892436058018,2
-0.08937336104529496,-0.09119940859045761,0.9918140300520485,2
0.09568148202238881,-0.2437445179353467,0.9651081099930365,2
-0.11005360596542678,0.01976882439030033,0.9937290362045905,2
0.009301256467122624,0.08661849459062118,0.9961981344204804,2
0.043247935499556994,-0.04879166993827171,0.9978722308088996,2
0.0611063427812006,0.058247928862163706,0.9964302251813836,2
-0.13382977749019465,-0.02504390602221359,0.9906878385384297,2
-0.08452793756185827,-0.08354997626071574,0.9929120954234738,2
-0.02229278281309393,-0.026100744096655817,0.9994107178692447,2
-0.03239956404159727,-0.061797534746302625,0.997562696249743,2
0.08843093339540807,0.07851593506214614,0.9929829897636767,2
0.04909954389404139,0.030656064115488067,0.9983233146241844,2
-0.04770898409098054,0.1239868538092014,0.9911362736371635,2
-0.05227734725205358,0.009150184302844483,0.9985906834591337,2
0.066990305177341,-0.06250248104272615,0.995794024322099,2
-0.006634546031932398,-0.028852389666709007,0.999561665135942,2
-0.03881981970218403,0.030394839878358552,0.9987838481407856,2
0.04122455910517697,-0.04042221453655375,0.9983318988685106,2
0.008977330997013441,-0.001948594003581226,0.9999578043644856,2
0.09383799796962711,0.05523974403075225,0.9940538218911165,2
-0.020270903560212942,-0.08790817878150861,0.9959223074979444,2
-0.03377860223536893,0.030159927657871767,0.9989741662298186,2
-0.06752588434665,0.04205982404119753,0.9968305904940462,2
0.03108313396903357,0.15162487400025176,0.9879492579919975,2
-0.07676186275297725,-0.07816599132374664,0.9939807313157203,2
0.011669167327586879,0.0683706545841329,0.9975917422099568,2
-0.03343985954898873,0.11884083181466171,0.9923500554173422,2
-0.09418258596287601,-0.11967852707926355,0.9883353128657018,2
0.018589611529133743,-0.1722045489231599,0.9848857901671803,2
0.01743744768291925,-0.062082087945730446,0.9979187090011211,2
-0.17674541227477908,-0.07616593549822842,0.9813051561616102,2
0.01398715117706761,0.010663298511851839,0.9998453148695862,2
-0.019828483505530913,0.06762822714743788,0.9975135358152409,2
0.019812529976271993,0.07408180820388842,0.9970553391608,2
-0.04363033689571814,0.042510251435528806,0.9981429117241206,2
-0.018886732818202533,0.06452918965826078,0.9977370770926498,2
-0.05590470666345741,-0.02926135394156025,0.9980072329087882,2
-0.09396696989324217,0.11646169819665679,0.9887400474452841,2
-0.09829796652218196,0.06499680646851559,0.9930321872559716,2
0.01878038676946351,-0.011792651218370365,0.9997540849878549,2
0.0656906651076388,-0.08152521452231266,0.9945040854187973,2
-0.023262250622046038,-0.08893594747064218,0.9957656676866129,2
0.012710568319318662,-0.01851236397140315,0.9997478351229598,2
0.0746918571061763,-0.003057589015099389,0.9972019743418672,2
-0.12619044363925075,-0.11615856203133867,0.9851817905345096,2
-0.06350064171633066,-0.03582537639690457,0.9973385638325107,2
-0.04689915584368057,-0.13071008556714162,0.9903107303831657,2
0.04800634208268957,0.029136555631206318,0.9984219810509316,2
-0.1174714116039716,-0.034704282074929725,0.9924696873261679,2
-0.07066073334668685,0.09908508755700085,0.9925669781866584,2
-0.04562339122778418,-0.08601988585380367,0.9952482531561789,2
0.010153881805588412,-0.015192994061507927,0.9998330218669433,2
0.07305004954177531,-0.07023000333153898,0.9948524699139351,2
-0.09233338667878561,-0.03251132844373731,0.9951972463924477,2
0.08133853999452673,0.0927695874771569,0.9923597359580556,2
-0.0366899578137127,-0.0781556027541489,0.9962658022604373,2
0.1549764299463653,-0.06003831883320281,0.9860921389163543,2
-0.007193734461349349,0.06758609368499453,0.9976875112602929,2
-0.05150870064660397,-0.010643233785073616,0.9986158297023834,2
-0.037166935285311675,0.03028779408159761,0.9988499729444065,2
-0.08172115790321685,0.056124124677280444,0.9950737334389036,2
-0.08336950082180744,0.039443997345489534,0.9957377653810283,2
0.12861778728621284,0.07795651438875532,0.9886254329410177,2
0.09294477763550801,-0.08449236878460445,0.9920797890932567,2
0.024398261491627753,-0.1499481840591704,0.9883927695675421,2
-0.0019523116540757523,0.10103054248456599,0.9948814089952365,2
-0.047028908345510836,0.036771153743689555,0.9982164915648576,2
-0.05003098730907317,0.06337452126794053,0.9967349549217246,2
0.01016883567071412,0.13613865691662652,0.9906376032000311,2
-0.0721006695805137,0.08957097281726378,0.9933672705875073,2
-0.005002885849648543,0.16429271260046927,0.9863989434906218,2
-0.032075601407170445,-0.01378460921928406,0.9993903843558404,2
-0.10075321036419617,-0.05404282281859975,0.9934425820866459,2
-0.0159493292168851,0.027206892529725524,0.9995025782339343,2
-0.005406063577638576,0.019416836487427626,0.9997968598356822,2
-0.03726164102775037,-0.044369459982965,0.9983200494473776,2
-0.040167418501165945,0.017727630466859715,0.9990356898574011,2
0.014639372164428472,-0.026233280212707048,0.9995486500374929,2
-0.008804968372156524,-0.08264523156398088,0.9965401337786508,2
0.030787898436016908,0.019203608972537183,0.9993414465097417,2
0.00874803276730306,0.061207743016766826,0.9980867117226706,2
0.02086750757831802,-0.11324443548898082,0.993347997913173,2
-0.1318766813075971,0.11668558023269149,0.9843744289105235,2
-0.027285583398194778,-0.08137526225197518,0.9963099736687995,2
0.07411900452473008,-0.001732833584351789,0.9972478981957775,2
0.04426796011074845,0.06690031101564714,0.996777154680783,2
-0.13578214146742992,0.08115504552690624,0.987409271094778,2
0.04670460063562044,-0.018062144381987992,0.9987454326401853,2
-0.1586653754658228,-0.040628633895555974,0.9864961291033744,2
0.031267567714510794,0.018435100024785635,0.9993410260247306,2
0.005266433654281145,-0.0417815786471786,0.9991128886978671,2
-0.05030085166377524,0.041438946144146296,0.9978740592200116,2
0.013371677857182103,-0.09628102456902633,0.9952643681651046,2
0.10247963748094333,-0.05128441983555466,0.9934122166471334,2
-0.11309846561585574,0.0022081880813754357,0.9935813308333649,2
0.03541034568223482,0.019301976684582414,0.9991864396170533,2
0.1604067434130811,-0.03855540952418439,0.9862977020473671,2
0.1590707286128721,-0.005623334989546102,0.9872511744242307,2
-0.046109947772762415,-0.03156548047941632,0.998437525916552,2
0.12712547826433304,-0.11599872724656551,0.9850804068973789,2
0.06893709816977944,0.10352029746947228,0.9922354682773751,2
0.0845197910204276,0.053787625795848275,0.9949689926007586,2
0.022598760511126657,0.10149831668227537,0.9945790002477952,2
-0.05211792380188455,0.04703882269131681,0.9975324912895142,2
-0.02818642319281282,0.07379103547747373,0.996875322510614,2
-0.08724246111410809,0.012335690937106514,0.9961107286380096,2
-0.0512434135763735,-0.05004191828521653,0.99743166130781,2
0.09188361389562241,-0.007406024342943592,0.9957422117700768,2
-0.04648694500647155,-0.024034880417130564,0.9986297053799067,2
0.06493602779089855,0.021232086765848774,0.9976635258373309,2
-0.018554020726648957,-0.0876763438082364,0.9959762080748569,2
0.07812092394736687,-0.027947965037068888,0.996552072142626,2
0.13291984485927158,0.05734020167029106,0.9894667332027153,2
-0.008458440299676599,-0.03272712609724438,0.9994285317144908,2
-0.03152792500149197,-0.013341663441784092,0.999413823179158,2
0.11943744520034363,0.09823098440013758,0.9879703286980174,2
0.08770046656669948,0.04496099357703224,0.9951317185279613,2
-0.07352880418070866,-0.08128774378044923,0.9939747570570868,2
0.08109514006760964,-0.06593047673925712,0.9945233785558862,2
0.0744889500975056,0.021094514407333537,0.9969987050017469,2
0.01273021405178557,0.017560112895126982,0.9997647643746934,2
0.007790833835946224,-0.05806903334675084,0.9982821696665608,2
-0.06414031840567663,0.0036551842726515638,0.9979341958178509,2
0.0234276475631723,0.0072641498503040825,0.9996991434709174,2
0.1151182481874108,-0.02914215491345525,0.992924228600114,2
-0.030238807219530806,-0.0514386678139718,0.998218251682135,2
0.05198191620623853,0.07403829533981411,0.9958996993726748,2
0.1369103066039818,0.01018717592865702,0.9905310643246226,2
-0.08914347824592979,0.0013469516554111105,0.9960178843812568,2
-0.10173231150462213,-0.027877175734634274,0.9944211380842887,2
-0.07059374314297785,0.08978801622070205,0.993455905197651,2
0.04168018689522873,0.05002355518359524,0.9978779514284464,2
0.12614247409136548,0.0071197968261055644,0.9919865849511933,2
-0.0607411844181359,-0.08056084823029568,0.9948972098904366,2
-0.056467882548551646,0.0756897636858298,0.9955312340220854,2
-0.06844378237839323,0.023299274716832425,0.9973828715449655,2
0.0361008836759087,0.08394399615983414,0.995816314239924,2
0.024161099788644776,-0.01896243248877244,0.9995282224184558,2
0.08613498447614361,0.02646916609895107,0.995931798716753,2
-0.03261187632268444,0.03854792664801271,0.9987244479203,2
-0.020811302436819976,-0.032525115970215256,0.9992542251708918,2
-0.12647236248162635,-0.09744836475309208,0.9871720000765422,2
-0.0892830575865934,0.10680762544995856,0.9902629281022195,2
-0.038682338314894885,0.013477920936910168,0.9991606589280658,2
-0.04746176806064312,0.07487002874683295,0.9960631804096979,2
0.017967077431392947,-0.03927897156076542,0.9990667377715882,2
-0.040737668826998794,0.03325103947430869,0.9986164482484211,2
-0.05240491594370835,-0.05821176881599673,0.9969278382892717,2
-0.043087000685051204,-0.003923551169476182,0.9990636196549595,2
0.11388159056654662,0.06387630757578122,0.9914387528538461,2
-0.067782096209818,-0.0024461039214868463,0.9976971504464097,2
-0.026976384620363475,0.11889737157929683,0.9925400191953035,2
-0.09673238931518052,-0.08314957120888748,0.991831131627267,2
-0.08801462095404199,-0.05098353364858369,0.9948136035433383,2
0.05178664255453903,0.06188127276806645,0.9967391091621683,2
-0.10872559070703929,-0.062223366097014725,0.9921224715915073,2
-0.1376413487384509,0.033045063877607514,0.9899307465023236,2
0.07620075843500025,0.045780376850162854,0.9960409637706884,2
0.030804090963907488,-0.02439352648777054,0.9992277337250206,2
0.07911265217720036,0.02937284879623972,0.9964328497289453,2
-0.021993184621850907,-0.11106526212308775,0.9935697295004384,2
-0.0400515665330394,-0.024103652932367704,0.998906845473309,2
0.09588412988860442,-0.04057858787717,0.9945650365065369,2
-0.03652786543420838,-0.041880005874810756,0.9984546960952312,2
-0.031189564790847238,-0.05037129977925589,0.9982434288321599,2
0.04682113719087573,-0.020396109731456943,0.9986950384475922,2
-0.01994080321429661,0.04754642959773223,0.9986699662048226,2
0.06345865671787489,0.041800122203927245,0.9971086945118673,2
0.019197176063728054,-0.09535337087969424,0.9952583599713778,2
-0.059655589129313166,0.014406664828103204,0.9981150528341111,2
-0.1488908020066632,0.03715049337581752,0.988155539335586,2
-0.027646903852752088,-0.09420858429049528,0.9951685240969057,2
0.05011851970216396,-0.0717751539123403,0.9961608611381985,2
5.572609778896955e-06,-0.05377005005358721,0.9985533444368707,2
-0.09321862994519213,0.03123807348462319,0.9951555003093598,2
0.03326458080406603,0.09147351024148591,0.9952517593995569,2
-0.05404090730793168,-0.026033478588168058,0.9981992979008716,2
-0.05163774824050373,0.018926253622277518,0.9984865246363355,2
-0.029748393656108676,-0.005846865014716791,0.9995403179683379,2
0.02400433471332733,-0.12142820719551496,0.9923099225605473,2
0.0031235216340356996,0.1366260235456625,0.9906177735648466,2
-0.008236211841480101,-0.03690362185721206,0.9992848880615477,2
-0.043464438245515415,-0.09408022999149493,0.9946153793967909,2
0.030076893293302726,0.027691496613597374,0.9991639312470212,2
-0.02255473150670788,-0.0754445928956275,0.9968948778528923,2
0.14998135029850818,0.005343652784852386,0.9886743851933368,2
-0.0697827650201317,0.11447083754922133,0.990972650004422,2
-0.024484139785341544,-0.022585495285713363,0.9994450571699921,2
0.009956682680156523,0.012587116291709348,0.9998712061927386,2
-0.026678889968610234,0.015132757036847994,0.9995295075656238,2
-0.003355479425642663,-0.03753393576122821,0.9992897199631046,2
0.04786500549083012,0.045844450816258125,0.9978011964207099,2
0.007175082908917976,-0.02593357006051685,0.9996379185130175,2
0.0633513811170445,-0.011455054686713395,0.9979255404250097,2
0.07514483774202396,0.079003331566574,0.9940380913033352,2
0.032122743319998516,0.02473466411003815,0.9991778248904605,2
-0.008346498732739727,-0.09738270821235122,0.9952120096240803,2
0.022926931068714927,1.7591635455961782e-06,0.9997371433674703,2
-0.1861680734812843,0.014847874897585763,0.9824057150827024,2
-0.05626750296991143,-0.05582713665447574,0.9968536998588904,2
-0.007438509760253518,0.047165145669792546,0.9988594083284954,2
-0.025538561257309366,0.03323143214042318,0.999121340882413,2
0.1342771577618093,-0.02215331932096377,0.990696156925194,2
0.0453903448583494,0.02280952268657779,0.9987088876486047,2
0.03337489182232068,-0.03115201683355337,0.9989572906000156,2
0.05548896291763042,0.009745116611325122,0.9984117425673735,2
0.018930869482361893,0.05765873347797195,0.9981568477119288,2
-0.04285967085322594,-0.03198422602155686,0.9985690050767774,2
-0.03841825043578133,0.04666859008175516,0.9981713684198285,2
0.07140493211239378,-0.012187298138867755,0.9973729520264492,2
-0.05925542503103297,-0.10389290194730309,0.9928217662446918,2
0.020368513372785123,0.00361959077900651,0.9997859882122052,2
0.017715057178914424,0.16540607890623854,0.9860664307286197,2
-0.07523743901239617,-0.012760117855666539,0.9970840020595169,2
-0.08866751389843179,-0.06092879265420558,0.9941960340921908,2
-0.02489884089002155,-0.02391551350379185,0.9994038702827052,2
-0.0405899879729051,0.034933250963655973,0.9985650308584507,2
-0.012417917616673891,-0.03456132163726362,0.9993254276603898,2
0.006918987782795242,-0.04115059920996747,0.9991289985745458,2
-0.011665771393781076,-0.13100323525842242,0.9913133017010701,2
0.00720577495372022,0.026209056091795108,0.9996305128325996,2
0.0008149195609631759,-0.04910409653881048,0.998793333782867,2
